feature,shap_importance
relationship,0.133700821277418
education-num,0.07684773128738581
capital-gain,0.04949622283816344
marital-status,0.038279064563082936
hours-per-week,0.006306186532134711
capital-loss,0.0038075020310652124
age,0.0020936967014670922
education,0.001217680826172473
occupation,0.0006907187410062995
workclass,8.576713010608675e-06
fnlwgt,0.0
race,0.0
sex,0.0
native-country,0.0
