feature,mean_importance
workclass,-1.0248891691544415e-06
fnlwgt,-2.2204460492503132e-17
native-country,-2.2204460492503132e-17
race,0.0
sex,0.0
occupation,0.00039076982054259135
education,0.0004992922966696178
age,0.0015565289270393246
capital-loss,0.005432201276073301
hours-per-week,0.0073552574235083434
marital-status,0.01636898268022251
education-num,0.06432814885410211
relationship,0.11612903936198768
capital-gain,0.13957382892357006
