feature,mean_importance
native-country,0.00011485064937167832
occupation,0.0002634066412784186
fnlwgt,0.0009883122261743593
workclass,0.001525569193106624
education,0.0016494917863299706
race,0.0036667634529275127
capital-loss,0.005819165211134692
sex,0.009994331453639349
relationship,0.013323229862107
hours-per-week,0.03919593158027844
age,0.06722736093415485
education-num,0.08858659504401808
marital-status,0.09035383628315452
capital-gain,0.1511444657976368
