feature,shap_importance
relationship,0.1573485809831576
education-num,0.07511722063078198
capital-gain,0.059621294579963256
marital-status,0.012283935688675906
capital-loss,0.0064132531451984555
hours-per-week,0.003986251263108311
age,0.0020754893305491976
education,0.001829775822040294
fnlwgt,7.565194609521192e-05
occupation,5.0569205632033004e-05
workclass,6.475070491530502e-06
native-country,4.555354884494488e-06
race,0.0
sex,0.0
