feature,mean_importance
native-country,-2.4729489433106267e-06
race,0.0
sex,0.0
occupation,2.4560819722241333e-06
workclass,6.359725512905534e-06
fnlwgt,0.0002882806239900337
education,0.000711762636146529
age,0.0016438172710667941
hours-per-week,0.003540694275232925
marital-status,0.003629679456296375
capital-loss,0.006099935129788747
education-num,0.06640441157219659
capital-gain,0.15518976326583162
relationship,0.16084384465790222
