feature,mean_importance
race,0.00043084797482998425
native-country,0.0006937751505896039
education,0.0008740739700167643
fnlwgt,0.002879749597629122
workclass,0.0036345761465866877
sex,0.005243285447669199
occupation,0.017241871170846544
hours-per-week,0.025570881318234297
capital-loss,0.03133976654861461
marital-status,0.03352191206015197
relationship,0.03683381458878983
education-num,0.04805197937468567
age,0.07672610884894074
capital-gain,0.18259884160021098
