feature,mean_importance
native-country,-6.217148559358731e-05
education,9.961392607902298e-05
race,0.0007348649949955877
fnlwgt,0.0015590737367885189
workclass,0.0029505414488080195
sex,0.004761461404639689
occupation,0.015989095158121615
hours-per-week,0.024601373796655435
capital-loss,0.026117058999261866
marital-status,0.02718124838532817
relationship,0.0419941835383388
education-num,0.05382885654155985
age,0.08245720542988635
capital-gain,0.17083651413078058
