feature,shap_importance
age,0.7554546
relationship,0.65494335
marital-status,0.61733216
education-num,0.5180667
capital-gain,0.43985674
hours-per-week,0.3845482
occupation,0.31981805
sex,0.16387694
fnlwgt,0.13768774
capital-loss,0.1316163
workclass,0.060593184
race,0.048763797
education,0.034224246
native-country,0.022109423
