feature,mean_importance
occupation,0.00033679592753032005
workclass,0.001326289621655552
native-country,0.0017046669259841662
race,0.0017269021930660933
education,0.003503922821314753
fnlwgt,0.003528008478333744
capital-loss,0.009582171394503592
relationship,0.014198793289064182
sex,0.02588475438147426
hours-per-week,0.03774534377975056
age,0.07315775627311222
marital-status,0.07941135073354608
education-num,0.08664606506488609
capital-gain,0.1836603374948622
